1,St. Olaf College,,CLIR Sponsor-DLF Member LAC,7/1/15 0:00,6/30/18 0:00,"1510 St. Olaf Avenue<BR/>Northfield, MN 55057 US",Ms. Roberta Lembke,,
"    ""2""",Northwestern University,,CLIR Sponsor-DLF Member,8/1/12 0:00,6/30/18 0:00,"1970 Campus Drive<BR/>Evanston, IL 60208-2300 US",Ms.  Sarah Pritchard,,
"    ""3""",Virginia Polytechnic Institute and State University,,CLIR Sponsor-DLF Member,7/1/11 0:00,6/30/18 0:00,"Drillfield Drive<BR/>P.O. Box 90001 Newman Library<BR/>Blacksburg, VA 24062-9001 US",Mr. Tyler Walters,,
"    ""4""",DePauw University,,DLF Member LAC,7/1/15 0:00,6/30/18 0:00,"11 East Larabee Street<BR/>Roy O. West Library<BR/>Greencastle, IN 46135-1772 US",Mr. Rick Provine,,
"    ""5""",Illinois Wesleyan University,,DLF Member LAC,4/5/17 0:00,6/30/18 0:00,"PO Box 2900  <BR/>The Ames Library 117<BR/>Bloomington, IL 61702-2900 US",Karen Schmidt,Bloomington,IL
"    ""6""",Chemical Heritage Foundation,,DLF Member LAC,7/1/16 0:00,6/30/17 0:00,"315 Chestnut Street<BR/>Philadelphia, PA 19106 US",Dr. Michelle DiMeo,,
"    ""7""",Princeton Theological Seminary,,DLF Member LAC,7/1/13 0:00,6/30/17 0:00,"25 Library Place<BR/>P.O. Box 111<BR/>Princeton, NJ 08542 US",Mr. Gregory Murray,,
"    ""8""",Macalester College,,DLF Member LAC,1/1/15 0:00,6/30/17 0:00,"1600 Grand Avenue<BR/>St. Paul, MN 55105-1801 US",Ms. Teresa A. Fishel,,
"    ""9""",Metropolitan New York Library Council,,DLF Member,7/1/14 0:00,6/30/17 0:00,"57 East 11th Street<BR/>Fourth Floor<BR/>New York, NY 10003 US",Ms. Anne Karle-Zenith,,
"    ""10""",Georgia State University,,DLF Member,12/17/13 0:00,6/30/17 0:00,"100 Decatur Street, SE<BR/>Atlanta, GA 30303 US",Ms. Carmen R. Newton,,
"    ""11""","University of California, Riverside",,DLF Member,7/1/14 0:00,6/30/17 0:00,"Science Library<BR/>3401 Watkins Drive<BR/>Riverside, CA 92521 US",Steven Mandeville-Gamble,,
"    ""12""",Getty Research Institute,,DLF Member,7/1/14 0:00,6/30/17 0:00,"1200 Getty Center Drive<BR/>Suite 1100<BR/>Los Angeles, CA 90049-1688 US",Mr. David Farneth,,
"    ""13""",James Madison University,,DLF Member,7/1/16 0:00,6/30/17 0:00,"Carrier Library, MSC 1704<BR/>880 Madison Drive<BR/>Harrisonburg, VA 22807 US",Dr. Adam Murray,,
"    ""14""",California State University Channel Islands,,DLF Member,7/1/14 0:00,6/30/17 0:00,"One University Drive<BR/>University Library<BR/>Camarillo, CA 93012 US",Mr. Steve Stratton,,
"    ""15""",Los Alamos National Lab,,DLF Member,7/1/11 0:00,6/30/17 0:00,"MS P362<BR/>P.O. Box 1663<BR/>Los Alamos, NM 87545-1362 US",Ms. Dee Magnoni,,
"    ""16""",The Claremont Colleges,,CLIR Sponsor-DLF Member LAC,7/1/15 0:00,6/30/17 0:00,"800 North Dartmouth<BR/>Honnold/Mudd Library-ACQ-RC<BR/>Claremont, CA 91711-3991 US",Mr. Kevin Mulroy,Claremont,CA
"    ""17""",Washington and Lee University,,CLIR Sponsor-DLF Member LAC,7/22/14 0:00,6/30/17 0:00,"204 West Washington Street<BR/>Lexington, VA 24450-0303 US",Mr. John Tombarge,,
"    ""18""",Reed College,,CLIR Sponsor-DLF Member LAC,7/1/14 0:00,6/30/17 0:00,"3203 SE Woodstock Boulevard<BR/>Portland, OR 97202-8199 US",Ms. Dena Hutto,,
"    ""19""",University of Arkansas,,CLIR Sponsor-DLF Member,7/1/15 0:00,6/30/17 0:00,"365 N McIlroy Avenue<BR/>Fayatteville, AR 72701-4002 US",Ms. Judy Ganson,,
"    ""20""",New York Art Resources Consortium,,DLF Member,9/7/16 0:00,6/30/17 0:00,"Frick Art Reference Library<BR/>10 East 71st Street<BR/>New York, NY 10021 US",,,
"    ""21""",OCLC Research Library Partnership,,DLF Member,7/1/11 0:00,6/30/17 0:00,"6565 Kilgour Place<BR/>Dublin, OH 43107-3395 US",Ms. Terry Butterworth,,
"    ""22""",Florida State University,,DLF Member,7/1/11 0:00,6/30/17 0:00,"116 Honors Way<BR/>Tallahassee, FL 32306 US",Ms. Katie McCormick,,
"    ""23""",McGill University Libraries,,DLF Member,7/1/14 0:00,6/30/17 0:00,"3459 McTavish Street<BR/>Montreal, QC H3A 1Y1 CA",Jenn Riley,,
"    ""24""",University of Manitoba,,DLF Member,7/1/16 0:00,6/30/17 0:00,"Libraries<BR/>Winnipeg, MB R3T 2N2 CA",Dr. Mary-Jo Romaniuk,,
"    ""25""",Drexel University,,DLF Member,7/1/16 0:00,6/30/17 0:00,"Hagerty Library<BR/>3141 Chestnut Street<BR/>Philadelphia, PA 19104-2816 US",Ms. Danuta Nitecki,,
"    ""26""",Clemson University,,DLF Member,7/1/11 0:00,6/30/17 0:00,"Campus Box 34-3001<BR/>116 Sigma Drive<BR/>Clemson, SC 29634-3001 US",Mr. Chris Vinson,,
"    ""27""",Carnegie Mellon University,,CLIR Sponsor-DLF Member,9/29/14 0:00,6/30/17 0:00,"5000 Forbes Avenue<BR/>Pittsburgh, PA 15213-3890 US",Mr. Keith Webster,,
"    ""28""",Marquette University,,CLIR Sponsor-DLF Member,7/15/16 0:00,6/30/17 0:00,"P.O. Box 3141<BR/>1355 West Wisconsin Avenue<BR/>Milwaukee, WI 53201-3141 US",Ms. Janice Welburn,,
"    ""29""",Princeton University,,CLIR Sponsor-DLF Member,7/1/11 0:00,6/30/17 0:00,"One Washington Road<BR/>Princeton, NJ 08544-2002 US",Ms. Karin Trainer,,
"    ""30""",University of Texas at Arlington,,CLIR Sponsor-DLF Member,7/1/14 0:00,6/30/17 0:00,"Box 19497<BR/>Arlington, TX 76019-0497 US",Ms. Rebecca Bichel,,
"    ""31""",Arizona State University,,CLIR Sponsor-DLF Member,7/1/12 0:00,6/30/17 0:00,"Hayden Library<BR/>Tempe, AZ 85287-1006 US",Mr. Philip Konomos,,
"    ""32""","University of California, Irvine",,CLIR Sponsor-DLF Member,7/1/12 0:00,6/30/17 0:00,"P.O. Box 19557<BR/>Irvine, CA 92623-9557 US",Ms. Lorelei Tanji,,
"    ""33""",California Digital Library,,CLIR Sponsor-DLF Member,7/1/11 0:00,6/30/17 0:00,"415 20th Street<BR/>4th Floor, 436<BR/>Oakland, CA 94612-2901 US",Mr. Gunter Waibel,,
"    ""34""",McMaster University,,CLIR Sponsor-DLF Member,7/1/14 0:00,6/30/17 0:00,"1280 Main Street W.<BR/>Hamilton, ON L8S 4L6 CA",Mr. Wade Wyckoff,,
"    ""35""",Harvard University,,CLIR Sponsor-DLF Member,7/1/11 0:00,6/30/17 0:00,"1341 Massachusetts Avenue<BR/>Wadsworth House<BR/>Cambridge, MA 02138 US",Ms. Sarah Thomas,,
"    ""36""",Boston College,,CLIR Sponsor-DLF Member,9/7/16 0:00,6/30/17 0:00,"140 Commonwealth Avenue<BR/>Chestnut Hill, MA 02167 US",Mr. Thomas B. Wall,,
"    ""37""",University of Wisconsin-Madison,,CLIR Sponsor-DLF Member,7/1/13 0:00,6/30/17 0:00,"728 State Street<BR/>Rm. 372<BR/>Madison, WI 53706 US",Mr. Edward V. Van Gemert,,
"    ""38""",University of New Mexico,,CLIR Sponsor-DLF Member,7/1/15 0:00,6/30/17 0:00,"1 University of New Mexico<BR/>MSC05 3020<BR/>Albuquerque, NM 87131 US",Mr. Richard Clement,,
"    ""39""",University of Kansas,,CLIR Sponsor-DLF Member,7/1/13 0:00,6/30/17 0:00,"502 Watson Library<BR/>1425 Jayhawk Boulevard<BR/>Lawrence, KS 66045-7544 US",Ms. Mary Roach,,
"    ""40""",University of Wyoming,,CLIR Sponsor-DLF Member,7/1/13 0:00,6/30/17 0:00,"1000 E. University Avenue<BR/>Dept. 3334<BR/>Laramie, WY 82071-3334 US",Dr. Ivan Gaetz,,
"    ""41""",University of Notre Dame,,CLIR Sponsor-DLF Member,7/1/11 0:00,6/30/17 0:00,"221 Hesburgh Library<BR/>Notre Dame, IN 46556 US",Ms. Diane Walker,,
"    ""42""",University of Virginia,,CLIR Sponsor-DLF Member,7/1/11 0:00,6/30/17 0:00,"Alderman Library<BR/>PO 400114<BR/>Charlottesville, VA 22904-4114 US",Mr. John Unsworth,,
"    ""43""",University of Utah,,CLIR Sponsor-DLF Member,7/1/11 0:00,6/30/17 0:00,"295 South 1500 East<BR/>Salt Lake City, UT 84112-0860 US",Ms. Alberta Davis Comer,,
"    ""44""",Georgia Institute of Technology,,CLIR Sponsor-DLF Member,8/27/14 0:00,6/30/17 0:00,"704 Cherry Street<BR/>Atlanta, GA 30332-0001 US",Ms. Catherine Murray-Rust,,
"    ""45""",Georgetown University,,CLIR Sponsor-DLF Member,7/1/12 0:00,6/30/17 0:00,"37th and O Streets, NW<BR/>Washington, DC 20057-1174 US",Ms. Artemis G. Kirk,,
"    ""46""",University of Maryland at College Park,,CLIR Sponsor-DLF Member,7/1/11 0:00,6/30/17 0:00,"Acquisitions/Serials<BR/>McKeldin Library Rm 2200<BR/>College Park, MD 20742 US",Dr. Babak Hamidzadeh,,
"    ""47""",Marquette University,,CLIR Sponsor-DLF Member,7/1/15 0:00,6/30/17 0:00,"P.O. Box 3141<BR/>1355 West Wisconsin Avenue<BR/>Milwaukee, WI 53201-3141 US",Ms. Janice Welburn,,
"    ""48""",St. Lawrence University,,CLIR Sponsor-DLF Member LAC,8/4/15 0:00,6/30/17 0:00,"23 Romoda Drive<BR/>Canton, NY 13617 US",Mr. Michael Alzo,,
"    ""49""",Amherst College,,CLIR Sponsor-DLF Member LAC,12/5/14 0:00,6/30/17 0:00,"P.O. Box 2256<BR/>Amherst, MA 01002 US",Mr. Bryn Geffert,,
"    ""50""",Bucknell University,,CLIR Sponsor-DLF Member LAC,7/17/14 0:00,6/30/17 0:00,"219 Bertrand Library<BR/>Lewisburg, PA 17837 US",Mr. Param Bedi,,
"    ""51""","University of Alabama, Tuscaloosa",,CLIR Sponsor-DLF Member,7/1/14 0:00,6/30/17 0:00,"Box 870266<BR/>Tuscaloosa, AL 35487-0266 US",Dr. Donald Gilstrap,,
"    ""52""",University of Michigan,,CLIR Sponsor-DLF Member,7/1/11 0:00,6/30/17 0:00,"320 Hatcher North<BR/>913 South University Ave.<BR/>Ann Arbor, MI 48109-1190 US",Ms. Sinilga Wang,,
"    ""53""","University of Illinois, Chicago",,CLIR Sponsor-DLF Member,7/1/15 0:00,6/30/17 0:00,"801 S. Morgan MC 234<BR/>University Library<BR/>Chicago, IL 60607 US",Ms. Mary Case,,
"    ""54""",Washington University,,CLIR Sponsor-DLF Member,7/1/14 0:00,6/30/17 0:00,"One Brookings Drive<BR/>Campus Box 1061<BR/>St. Louis, MO 63130 US",Ms. Marion Crain,,
"    ""55""",Tufts University,,CLIR Sponsor-DLF Member,2/22/16 0:00,6/30/17 0:00,"16 Dearborn Rd.<BR/>Somerville, MA 02144 US",Ms. Laura Wood,,
"    ""56""",University of North Carolina at Chapel Hill,,CLIR Sponsor-DLF Member,7/1/11 0:00,6/30/17 0:00,"Davis Library<BR/>CB #3900<BR/>Chapel Hill, NC 27514-8890 US",Ms. Sarah Michalak,,
"    ""57""",University of Washington,,CLIR Sponsor-DLF Member,7/1/11 0:00,6/30/17 0:00,"Box 352900<BR/>Seattle, WA 98195-2900 US",Ms. Lizabeth A. Wilson,,
"    ""58""",University of Southern California,,CLIR Sponsor-DLF Member,7/1/11 0:00,6/30/17 0:00,"3550  Trousdale Pkwy<BR/>DML100 MC0182 Suite 100<BR/>Los Angeles, CA 90089-0182 US",Ms. Catherine Quinlan,,
"    ""59""",Brown University,,CLIR Sponsor-DLF Member,7/1/12 0:00,6/30/17 0:00,"Brown University Library<BR/>Box A<BR/>Providence, RI 02912 US",Mr. Steven Thompson,,
"    ""60""",University of Pennsylvania,,CLIR Sponsor-DLF Member,7/1/11 0:00,6/30/17 0:00,"3420 Walnut Street<BR/>Room 237<BR/>Philadelphia, PA 19104-6206 US",Mr. Carton Rogers,,
"    ""61""",University of Guelph,,CLIR Sponsor-DLF Member,1/6/16 0:00,6/30/17 0:00,"50 Stone Road East<BR/>Guelph, ON N1G 2W1 CA",Ms. Rebecca Graham,,
"    ""62""",Boston College,,CLIR Sponsor-DLF Member,7/1/11 0:00,6/30/17 0:00,"140 Commonwealth Avenue<BR/>Chestnut Hill, MA 02167 US",Mr. Thomas B. Wall,,
"    ""63""",University of Alabama at Birmingham,,CLIR Sponsor-DLF Member,9/7/16 0:00,6/30/17 0:00,"172 Sterne Library<BR/>917 13th Street South<BR/>Birmingham, AL 35294 US",Mr. John M. Meador,,
"    ""64""",Stanford University,,CLIR Sponsor-DLF Member,7/1/11 0:00,6/30/17 0:00,"Cecil H. Green Library rm. 101<BR/>Stanford, CA 94305-6004 US",Mr. Michael A. Keller,,
"    ""65""",California Institute of Technology,,CLIR Sponsor-DLF Member,7/1/13 0:00,6/30/17 0:00,"1200 E. California Blvd. MC I-32<BR/>Pasadena, CA 91125-3200 US",Ms. Kristin Antelman,,
"    ""66""",Stony Brook University,,CLIR Sponsor-DLF Member,1/26/15 0:00,6/30/17 0:00,"W-1508 Melville Library<BR/>Stony Brook, NY 11794-3300 US",Mr. Heath Martin,,
"    ""67""",New York University,,CLIR Sponsor-DLF Member,7/1/11 0:00,6/30/17 0:00,"70 Washington Square South<BR/>11th Floor, Room 1134<BR/>New York, NY 10012 US",Ms. Carol A. Mandel,,
"    ""68""",University of Denver,,CLIR Sponsor-DLF Member,7/21/15 0:00,6/30/17 0:00,"2150 East Evans Avenue<BR/>Denver, CO 80208-0287 US",Mr. Michael Levine-Clark,,
"    ""69""",Emory University,,CLIR Sponsor-DLF Member,7/1/11 0:00,6/30/17 0:00,"540 Asbury Circle<BR/>Atlanta, GA 30322-2870 US",Ms. Yolanda Cooper,,
"    ""70""",Cornell University,,CLIR Sponsor-DLF Member,7/1/11 0:00,6/30/17 0:00,"201 Olin Library<BR/>Ithaca, NY 14853 US",Ms. Anne R. Kenney,,
"    ""71""",University of Chicago,,CLIR Sponsor-DLF Member,7/1/11 0:00,6/30/17 0:00,"1100 East 57th Street - Room 180<BR/>Chicago, IL 60637-1502 US",Ms. Brenda L. Johnson,,
"    ""72""",University of Nebraska-Lincoln,,CLIR Sponsor-DLF Member,7/1/13 0:00,6/30/17 0:00,"P.O. Box  884100<BR/>318 Love Library<BR/>Lincoln, NE 68588-4100 US",Dr. Nancy J. Busch,,
"    ""73""",University of Colorado at Boulder,,CLIR Sponsor-DLF Member,12/7/16 0:00,6/30/17 0:00,"Norlin Library N210C<BR/>Campus Box 184<BR/>Boulder, CO 80309-0184 US","Mr. James F. Williams, II",,
"    ""74""",Texas A&M University,,CLIR Sponsor-DLF Member,7/1/11 0:00,6/30/17 0:00,"5000 TAMU<BR/>Administrative Office<BR/>College Station, TX 77843-5000 US",Mr. David H. Carlson,,
"    ""75""",Duke University,,CLIR Sponsor-DLF Member,7/24/14 0:00,6/30/17 0:00,"112 Perkins Library<BR/>Box 90193<BR/>Durham, NC 27708 US",Dr. Deborah Jakubs,,
"    ""76""",University of Georgia,,CLIR Sponsor-DLF Member,7/1/13 0:00,6/30/17 0:00,"South Jackson Street<BR/>Athens, GA 30602 US",Dr. Toby Graham,,
"    ""77""",University of Tennessee,,CLIR Sponsor-DLF Member,7/1/11 0:00,6/30/17 0:00,"1015 Volunteer Boulevard<BR/>John C. Hodges Library<BR/>Knoxville, TN 37996-1000 US",Dr. Steven E. Smith,,
"    ""78""",University of Texas at Austin,,CLIR Sponsor-DLF Member,7/1/11 0:00,6/30/17 0:00,"1 University Station<BR/>Stop S5400<BR/>Austin, TX 78712 US",Dr. Lorraine Haricombe,,
"    ""79""",University of San Francisco,,CLIR Sponsor-DLF Member,7/1/15 0:00,6/30/17 0:00,"2130 Fulton Street<BR/>Gleeson Library - Geschke Learning Resource Center<BR/>San Francisco, CA 94117 US",Mr. Tyrone H. Cannon,,
"    ""80""",University of Iowa,,CLIR Sponsor-DLF Member,7/1/11 0:00,6/30/17 0:00,"100 Main Library<BR/>Iowa City, IA 52242-1420 US",Mr. John Culshaw,,
"    ""81""",Indiana University,,CLIR Sponsor-DLF Member,7/1/11 0:00,6/30/17 0:00,"1320 East 10th Street<BR/>Herman B Wells Library 234<BR/>Bloomington, IN 47405 US",Ms. Carolyn Walters,,
"    ""82""","University of British Columbia, Vancouver",,CLIR Sponsor-DLF Member,7/1/11 0:00,6/30/17 0:00,"1961 East Mall<BR/>Irving K. Barber Learning Center,  Room 202<BR/>Vancouver, BC V6T 1Z1 CA",Ms. Ingrid T. Parent,,
"    ""83""",Texas Tech University,,CLIR Sponsor-DLF Member,7/1/16 0:00,6/30/17 0:00,"18th and Boston<BR/>Box 40002<BR/>Lubbock, TX 79409-0002 US",Dr. Bella Karr Gerlich,,
"    ""84""",University at Albany,,CLIR Sponsor-DLF Member,8/30/13 0:00,6/30/17 0:00,"1400 Washington Avenue<BR/>Albany, NY 12222-0001 US",Ms. Rebecca Mugridge,,
"    ""85""",Rice University,,CLIR Sponsor-DLF Member,7/1/11 0:00,6/30/17 0:00,"Fondren Library MS-44<BR/>PO Box 1892 MS 44<BR/>Houston, TX 77251-1892 US",Ms. Sara Lowman,,
"    ""86""",Purdue University,,CLIR Sponsor-DLF Member,7/1/11 0:00,6/30/17 0:00,"504 West State Street<BR/>1530 Stewart Center<BR/>West Lafayette, IN 47907-2058 US",Ms. Rebecca Richardson,,
"    ""87""",Binghamton University,,CLIR Sponsor-DLF Member,7/1/16 0:00,6/30/17 0:00,"P.O. Box 6012<BR/>Binghamton, NY 13902-6012 US",Mr. Curtis Kendrick,,
"    ""88""",Library of Congress,,CLIR Sponsor-DLF Member,7/1/13 0:00,6/30/17 0:00,"101 Independence Ave.,SE<BR/>LM62<BR/>Washington, DC 20540-4000 US",Mr. Blane K. Dessy,,
"    ""89""",Iowa State University,,CLIR Sponsor-DLF Member,7/1/15 0:00,6/30/17 0:00,"302 Parks Library<BR/>Ames, IA 50011-2140 US",Ms. Beth McNeil,,
"    ""90""",Rhodes College,,CLIR Sponsor-DLF Member LAC,7/1/11 0:00,6/30/17 0:00,"2000 North Parkway<BR/>Memphis, TN 38112 US",Mr. Robert Johnson,,
"    ""91""",Occidental College,,CLIR Sponsor-DLF Member LAC,8/4/15 0:00,6/30/17 0:00,"1600 Campus Rd.<BR/>Los Angeles, CA 90041 US",Dr. Daniel Chamberlain,,
"    ""92""",Haverford College,,CLIR Sponsor-DLF Member LAC,7/11/14 0:00,6/30/17 0:00,"370 Lancaster Avenue<BR/>Magill Library<BR/>Haverford, PA 19041-1336 US",Mr. Norm Medeiro,,
"    ""93""",Swarthmore College,,CLIR Sponsor-DLF Member LAC,7/17/14 0:00,6/30/17 0:00,"500 College Avenue<BR/>Swarthmore, PA 19081 US",Ms. Peggy Seiden,,
"    ""94""",University of Richmond,,CLIR Sponsor-DLF Member LAC,7/1/15 0:00,6/30/17 0:00,"Boatwright Memorial Library<BR/>28 Westhampton Way<BR/>Richmond, VA 23173 US",Mr. Kevin Butterfield,,
"    ""95""",Colgate University,,CLIR Sponsor-DLF Member LAC,7/1/14 0:00,6/30/17 0:00,"13 Oak Drive<BR/>Hamilton, NY 13346-1386 US",Ms. Joanne Schneider,,
"    ""96""",Colby College,,CLIR Sponsor-DLF Member LAC,7/3/14 0:00,6/30/17 0:00,"5104 Mayflower Hill<BR/>Waterville, ME 04901-8851 US",Ms. Darylyne Provost,,
"    ""97""",Smith College,,CLIR Sponsor-DLF Member LAC,8/26/15 0:00,6/30/17 0:00,"Neilson Library<BR/>Northampton, MA 01063-0001 US",Mr. Christopher B. Loring,,
"    ""98""",Vassar College,,CLIR Sponsor-DLF Member LAC,7/1/14 0:00,6/30/17 0:00,"Box 20<BR/>Raymond Avenue<BR/>Poughkeepsie, NY 12604-0020 US",Mr. Andrew Ashton,,
"    ""99""",Bates College,,CLIR Sponsor-DLF Member LAC,7/8/14 0:00,6/30/17 0:00,"48 Campus Avenue<BR/>Lewiston, ME 04240 US",Ms. Katie Vale,,
"    ""100""",Furman University,,CLIR Sponsor-DLF Member LAC,7/1/14 0:00,6/30/17 0:00,"3300 Poinsett Highway<BR/>Greenville, SC 29613 US",Dr. Janis M. Bandelin,,
"    ""101""",Bryn Mawr College,,CLIR Sponsor-DLF Member LAC,7/1/11 0:00,6/30/17 0:00,"101 North Merion Avenue<BR/>Bryn Mawr, PA 19010-2899 US",Ms. Gina Siesing,,
"    ""102""",Lafayette College,,CLIR Sponsor-DLF Member LAC,7/1/11 0:00,6/30/17 0:00,"710 Sullivan Street<BR/>Easton, PA 18042-1797 US",Mr. Neil J. McElroy,,
"    ""103""",Oberlin College,,CLIR Sponsor-DLF Member LAC,11/22/16 0:00,6/30/17 0:00,"148 West College Street<BR/>Oberlin, OH 44074-1532 US",Mr. Alan Boyd,,
"    ""104""",Bowdoin College,,CLIR Sponsor-DLF Member LAC,7/15/15 0:00,6/30/17 0:00,"3000 College Station<BR/>Brunswick, ME 04011 US",Ms. Marjorie Hassen,,
"    ""105""",Skidmore College,,CLIR Sponsor-DLF Member LAC,8/17/16 0:00,6/30/17 0:00,"Lucy Scribner Library<BR/>815 N. Broadway<BR/>Saratoga Springs, NY 12866 US",Dr. Marta L. Brunner,,
"    ""106""",Whitman College,,CLIR Sponsor-DLF Member LAC,7/1/15 0:00,6/30/17 0:00,"345 Boyer Avenue<BR/>Walla Walla, WA 99362 US",Ms. Dalia Corkrum,,
"    ""107""",Denison University,,CLIR Sponsor-DLF Member LAC,7/1/16 0:00,6/30/17 0:00,"Mudd Learning Center<BR/>PO Box L<BR/>Granville, OH 43023 US",Ms. BethAnn Zambella,,
"    ""108""",Grinnell College,,CLIR Sponsor-DLF Member LAC,10/16/15 0:00,6/30/17 0:00,"1111 Sixth Avenue<BR/>Grinnell, IA 50112-1690 US",Ms. Julia Bauder,,
"    ""109""",Mount Holyoke College,,CLIR Sponsor-DLF Member LAC,7/1/15 0:00,6/30/17 0:00,"50 College Street<BR/>South Hadley, MA 01075-6404 US",Dr. Alex Wirth-Cauchon,,
"    ""110""",Atlanta University Center,,CLIR Sponsor-DLF Member LAC,7/1/14 0:00,6/30/17 0:00,"111 James P. Brawley Drive, SW<BR/>Atlanta, GA 30314 US",Ms. Loretta Parham,,
"    ""111""",University of Ottawa,,CLIR Sponsor-DLF Member,7/1/16 0:00,6/30/17 0:00,"Library, 65 University Private<BR/>Ottawa, ON K1N 6N5 CA",Mr. Tony Horava,,
"    ""112""",University of Houston,,CLIR Sponsor-DLF Member,7/1/13 0:00,6/30/17 0:00,"114 University Libraries<BR/>Houston, TX 77204-2000 US",Ms. Lisa German,,
"    ""113""",University of Rochester,,CLIR Sponsor-DLF Member,7/1/16 0:00,6/30/17 0:00,"200 Wallis Hall<BR/>Rochester, NY 14627 US",Ms. Mary Ann Mavrinac,,
"    ""114""",Temple University,,CLIR Sponsor-DLF Member,7/1/13 0:00,6/30/17 0:00,"1210 Polett Walk<BR/>Philadelphia, PA 19122 US",Mr. Joseph Lucia,,
"    ""115""",University of Delaware,,CLIR Sponsor-DLF Member,7/1/11 0:00,6/30/17 0:00,"181 South College Avenue<BR/>Newark, DE 19717-5267 US",Ms. Susan Brynteson,,
"    ""116""",Dartmouth College,,CLIR Sponsor-DLF Member,7/1/11 0:00,6/30/17 0:00,"Hinman Box 6025<BR/>Baker-Berry Library<BR/>Hanover, NH 03755-3525 US",Mr. Jeffrey L. Horrell,,
"    ""117""",National Library of Medicine,,CLIR Sponsor-DLF Member,7/1/11 0:00,6/30/17 0:00,"8600 Rockville Pike<BR/>Bldg. 38, RM 2W06<BR/>Bethesda, MD 20894 US",Ms. Loretta Turnage,,
"    ""118""",North Carolina State University,,CLIR Sponsor-DLF Member,7/1/11 0:00,6/30/17 0:00,"Box 7111<BR/>Raleigh, NC 27695-7111 US",Ms. Susan K. Nutter,,
"    ""119""",Lehigh University,,CLIR Sponsor-DLF Member,7/1/15 0:00,6/30/17 0:00,"8A East Packer Avenue<BR/>754 Fairchild/Martindale Library<BR/>Bethlehem, PA 18015-3170 US",Mr. Bruce M. Taggart,,
"    ""120""",Columbia University Libraries,,CLIR Sponsor-DLF Member,7/1/11 0:00,6/30/17 0:00,"535 West 114th Street<BR/>517 Butler Library<BR/>New York, NY 10027 US",Dr. Ann Thornton,,
"    ""121""",The Ohio State University,,CLIR Sponsor-DLF Member,7/1/13 0:00,6/30/17 0:00,"1858 Neil Avenue Mall<BR/>304C Thompson Libraries<BR/>Columbus, OH 43210 US",Mr. Damon Jaggars,,
"    ""122""",Northeastern University,,CLIR Sponsor-DLF Member,7/1/13 0:00,6/30/17 0:00,"320 Snell Library<BR/>360 Huntington Avenue<BR/>Boston, MA 02115-5005 US",Ms. Amira Aaron,Boston,MA
"    ""123""",University of Minnesota,,CLIR Sponsor-DLF Member,7/1/11 0:00,6/30/17 0:00,"499 Wilson Library<BR/>309 19th Avenue South<BR/>Minneapolis, MN 55455 US",Ms. Wendy Pradt Lougee,,
"    ""124""",Massachusetts Institute of Technology,,CLIR Sponsor-DLF Member,7/1/11 0:00,6/30/17 0:00,"77 Massachusetts Avenue<BR/>Room 14S-216<BR/>Cambridge, MA 02139-4307 US",Dr. Chris Bourg,,
"    ""125""",University of Arizona,,CLIR Sponsor-DLF Member,7/1/11 0:00,6/30/17 0:00,"1510 East University<BR/>Tucson, AZ 85721-0055 US",Mr. Stephen Bosch,,
"    ""126""",The George Washington University,,CLIR Sponsor-DLF Member,7/1/11 0:00,6/30/17 0:00,"2130 H Street, NW<BR/>Washington, DC 20052 US",Ms. Geneva Henry,,
"    ""127""",Smithsonian Institution,,CLIR Sponsor-DLF Member,7/1/11 0:00,6/30/17 0:00,"PO Box 37012<BR/>NHB 26 A, MRC 154<BR/>Washington, DC 20013-7012 US",Ms. Kathleen Hill,,
"    ""128""","University of California, Los Angeles",,CLIR Sponsor-DLF Member,7/1/11 0:00,6/30/17 0:00,"Box 951575<BR/>Campus Mailcode 157511 11334 Young Research Library<BR/>Los Angeles, CA 90095-1575 US",Ms. Virginia Steel,,
"    ""129""",Yale University,,CLIR Sponsor-DLF Member,7/1/11 0:00,6/30/17 0:00,"120 High Street<BR/>New Haven, CT 06520-8240 US",Dr. Susan Gibbons,,
"    ""130""",Mississippi State University,,CLIR Sponsor-DLF Member,8/8/16 0:00,6/30/17 0:00,"PO Box 5408<BR/>Mississippi State, MS 39762-5408 US",Ms. Frances Coleman,,
"    ""131""",Oregon State University,,CLIR Sponsor-DLF Member,7/1/13 0:00,6/30/17 0:00,"121 The Valley Library<BR/>Corvallis, OR 97331-4501 US",Ms. Faye Chadwell,,
"    ""132""",University of North Texas,,CLIR Sponsor-DLF Member,7/1/11 0:00,6/30/17 0:00,"1155 Union Circle #305190<BR/>Denton, TX 76203-5017 US",Dr. Martin D. Halbert,,
"    ""133""",Pennsylvania State University,,CLIR Sponsor-DLF Member,7/1/11 0:00,6/30/17 0:00,"510 Paterno Library<BR/>University Park, PA 16802 US",Ms. Barbara Dewey,,
"    ""134""",West Virginia University,,CLIR Sponsor-DLF Member,7/9/14 0:00,6/30/17 0:00,"P.O. Box 6069<BR/>Morgantown, WV 26506 US",Ms. Myra Lowe,,
"    ""135""",University of Kentucky,,CLIR Sponsor-DLF Member,7/1/11 0:00,6/30/17 0:00,"500 S.  Limestone St.<BR/>Lexington, KY 40506-0456 US",Dr. Terry Birdwhistell,,
"    ""136""","University of California, Santa Barbara",,CLIR Sponsor-DLF Member,7/1/15 0:00,6/30/17 0:00,"UCSB Davidson Library 9010<BR/>Santa Barbara, CA 93106-9010 US",Mr. Michael Kim,,
"    ""137""",Johns Hopkins University,,CLIR Sponsor-DLF Member,7/1/11 0:00,6/30/17 0:00,"The Sheridan Libraries<BR/>3400 North Charles Street<BR/>Baltimore, MD 21218-2683 US",Mr. Winston Tabb,,
"    ""138""","University of California, San Diego",,CLIR Sponsor-DLF Member,7/1/11 0:00,6/30/17 0:00,"9500 Gilman Drive<BR/>Dept. 0175G<BR/>La Jolla, CA 92093-0175 US",Mr. Brian Schottlaender,,
"    ""139""","University of California, Berkeley",,CLIR Sponsor-DLF Member,7/1/11 0:00,6/30/17 0:00,"255 Doe Library<BR/>Berkeley, CA 94720-6000 US",Dr. Jeffrey MacKie-Mason,,
"    ""140""",New York Public Library,,CLIR Sponsor-DLF Member,7/1/11 0:00,6/30/17 0:00,"11 West 40th Street<BR/>Room 213<BR/>New York, NY 10018-2788 US",Mr. Daniel Wong,,
"    ""141""",Middle Tennessee State University,,CLIR Sponsor-DLF Member,8/27/14 0:00,6/30/17 0:00,"James E. Walker Library<BR/>1301 E. Main Street P.O. Box 13<BR/>Murfreesboro, TN 37132 US",Ms. Bonnie Allen,,
"    ""142""",University of Miami,,CLIR Sponsor-DLF Member,7/1/11 0:00,6/30/17 0:00,"1300 Memorial Drive<BR/>No.333<BR/>Coral Gables, FL 33146 US",Dr. Charles Eckman,,
"    ""143""",Montana State University,,CLIR Sponsor-DLF Member,3/1/13 0:00,6/30/17 0:00,"PO Box 173320<BR/>Bozeman, MT 59717-3220 US",Mr. Kenning Arlitsch,,
"    ""144""",Middlebury College,,CLIR Sponsor-DLF Member LAC,7/1/15 0:00,6/30/16 0:00,"110 Storrs Avenue<BR/>Middlebury, VT 05753 US",Mr. Michael D. Roy,,
"    ""145""",National Archives and Records Administration,,DLF Member,7/1/11 0:00,6/30/16 0:00,"Room 3200<BR/>8601 Adelphi Road<BR/>College Park, MD 20740-6001 US",Ms. Leslie Johnston,,
"    ""146""",Bibliotheca Alexandrina,,DLF Member,7/1/11 0:00,6/30/16 0:00,"P.O. Box 138<BR/>Chatby, Alexandria, 21526 EG",Dr. Ismail Serageldin,,
"    ""147""",AA Test Organization,,CLIR Sponsor-DLF Member,2/20/14 0:00,1/31/16 0:00,"1707 L Street NW<BR/>Suite 650<BR/>Washington, DC 20036 US",Ms. Amy Harbur,,
"    ""148""",University of Florida,,CLIR Sponsor-DLF Member,7/1/11 0:00,6/30/14 0:00,"George A. Smathers Libraries<BR/>535 Library West PO Box 117000<BR/>Gainesville, FL 32611-7000 US",Ms. Judith C. Russell,,
"    ""149""",University of Illinois at Urbana-Champaign,,DLF Member,7/1/12 0:00,6/30/13 0:00,"1408 West Gregory Drive<BR/>230 Library MC-522<BR/>Urbana, IL 61801 US",Professor John P. Wilkin,,
"    ""150""",Internet Archive,,DLF Member,,6/30/18 0:00,"300 Funston Avenue<BR/>San Francisco, CA 94118 US",Jacques Cressaty,,
"    ""151""",Trinity University,,CLIR Sponsor-DLF Member LAC,7/1/14 0:00,6/30/16 0:00,"One Trinity Place<BR/>San Antonio, TX 78212-7200 US",Ms. Diane J. Graves,,
"    ""152""","University of California, Davis",,DLF Member,7/1/14 0:00,6/30/15 0:00,"Shields Library<BR/>Davis, CA 95616 US",Ms. MacKenzie Smith,,
"    ""153""",University of Richmond,,CLIR Sponsor-DLF Member,1/15/15 0:00,6/30/15 0:00,"Boatwright Memorial Library<BR/>28 Westhampton Way<BR/>Richmond, VA 23173 US",Mr. Kevin Butterfield,,
"    ""154""",York University,,DLF Member,11/15/13 0:00,6/30/14 0:00,"4700 Keele Street<BR/>Toronto, ON M3J 1P3 CA",Ms. Joy Kirchner,,
"    ""155""",Colgate University,,DLF Member,3/6/14 0:00,6/30/14 0:00,"13 Oak Drive<BR/>Hamilton, NY 13346-1386 US",Ms. Joanne Schneider,,
"    ""156""",Inter-University Consortium for Political and Social Research,,DLF Member,7/1/13 0:00,6/30/14 0:00,"University of Michigan<BR/>Institute for Social Research P.O. Box 1248<BR/>Ann Arbor, MI 48106 US",Dr. George Alter,,
"    ""157""",Carnegie Mellon University,,DLF Member,7/1/11 0:00,6/30/14 0:00,"5000 Forbes Avenue<BR/>Pittsburgh, PA 15213-3890 US",Mr. Keith Webster,,
"    ""158""",Georgia Institute of Technology,,DLF Member,7/1/13 0:00,6/30/14 0:00,"704 Cherry Street<BR/>Atlanta, GA 30332-0001 US",Ms. Catherine Murray-Rust,,
"    ""159""",Microsoft Research Connections,,DLF Member,6/18/12 0:00,5/31/13 0:00,"One Microsoft Way<BR/>Redmond, WA 98052 US",,Redmond,VA
"    ""160""",National Archives and Records Administration,,DLF Member,,,"Room 3200<BR/>8601 Adelphi Road<BR/>College Park, MD 20740-6001 US",Ms. Leslie Johnston,,
"    ""161""",AA Test Organization,,CLIR Sponsor-DLF Member,,,"1707 L Street NW<BR/>Suite 650<BR/>Washington, DC 20036 US",Ms. Amy Harbur,,
"    ""162""",University of North Carolina at Charlotte,,CLIR Sponsor-DLF Member,,,"9201 University City Blvd.<BR/>Charlotte, NC 28223 US",Mr. Bob Price,,
"    ""163""",Middlebury College,,CLIR Sponsor-DLF Member LAC,,,"110 Storrs Avenue<BR/>Middlebury, VT 05753 US",Mr. Michael D. Roy,,
    ,,,,,,,,,